"Time (s)","Latitude (°)","Longitude (°)","Height (m)","Velocity (m/s)","Direction (°)","Horizontal Accuracy (m)","Vertical Accuracy (m)"
2.630343800E-2,6.150461830E1,2.360771010E1,1.351318063E2,NaN,NaN,3.503880005E2,6.027260590E1
5.826782820E-1,6.150450926E1,2.360794139E1,1.276894101E2,2.500000000E-1,8.259999847E1,9.062975883E0,1.293292046E1
1.434749167E0,6.150448754E1,2.360796384E1,1.344511739E2,0.000000000E0,NaN,9.589266777E0,1.231949329E1
2.433145781E0,6.150436717E1,2.360777608E1,1.270541588E2,0.000000000E0,NaN,6.545311928E0,8.846004486E0
3.433248124E0,6.150435028E1,2.360772249E1,1.237903490E2,0.000000000E0,NaN,5.505425930E0,7.891691208E0
4.433280728E0,6.150434972E1,2.360770077E1,1.228244662E2,4.699999988E-1,8.140000153E1,3.790092468E0,4.673417568E0
5.432613228E0,6.150434540E1,2.360771696E1,1.207828986E2,8.399999738E-1,8.240000153E1,3.790092468E0,4.259683609E0
6.432653332E0,6.150434574E1,2.360775917E1,1.205521270E2,2.690000057E0,8.130000305E1,3.790092468E0,3.342242241E0
7.433087706E0,6.150434627E1,2.360777340E1,1.196323283E2,1.730000019E0,8.690000153E1,3.790092468E0,2.642874479E0
8.432772290E0,6.150435099E1,2.360779428E1,1.181278774E2,1.740000010E0,8.219999695E1,3.790092468E0,2.500000000E0
9.433274008E0,6.150435466E1,2.360781270E1,1.174340946E2,1.409999967E0,8.630000305E1,3.790092468E0,2.500000000E0
1.043240307E1,6.150435565E1,2.360783624E1,1.176459495E2,1.549999952E0,9.190000153E1,3.790092468E0,2.500000000E0
1.143265812E1,6.150435868E1,2.360786181E1,1.172481870E2,1.820000052E0,8.769999695E1,3.790092468E0,2.500000000E0
1.243298161E1,6.150436221E1,2.360788621E1,1.166012183E2,1.690000057E0,8.719999695E1,3.790092468E0,2.500000000E0
1.343253224E1,6.150436675E1,2.360791134E1,1.159309350E2,1.850000024E0,8.330000305E1,3.790092468E0,2.500000000E0
1.443297661E1,6.150437106E1,2.360793506E1,1.156653755E2,1.480000019E0,8.219999695E1,3.790092468E0,2.500000000E0
1.543326838E1,6.150437503E1,2.360795667E1,1.156280262E2,1.570000052E0,8.119999695E1,3.790092468E0,2.500000000E0
1.643321999E1,6.150437938E1,2.360798086E1,1.157275791E2,1.629999995E0,8.009999847E1,3.790092468E0,2.500000000E0
1.743295848E1,6.150438325E1,2.360800654E1,1.157176956E2,1.659999967E0,8.050000000E1,3.790092468E0,2.500000000E0
1.843274843E1,6.150438606E1,2.360803181E1,1.150339222E2,1.620000005E0,8.209999847E1,3.790092468E0,2.500000000E0
1.943250124E1,6.150438784E1,2.360805849E1,1.151801651E2,1.669999957E0,8.519999695E1,3.790092468E0,2.500000000E0
2.043290374E1,6.150438917E1,2.360808863E1,1.148522257E2,1.730000019E0,8.540000153E1,3.790092468E0,2.500000000E0
2.143310458E1,6.150438999E1,2.360811932E1,1.149121033E2,1.720000029E0,8.590000153E1,3.790092468E0,2.500000000E0
2.243276963E1,6.150439045E1,2.360814989E1,1.150380817E2,1.730000019E0,8.669999695E1,3.790092468E0,2.500000000E0
2.343329108E1,6.150439110E1,2.360818011E1,1.153342262E2,1.590000033E0,8.680000305E1,3.790092468E0,2.500000000E0
2.443259140E1,6.150439257E1,2.360821083E1,1.153222660E2,1.700000048E0,8.469999695E1,3.790092468E0,2.500000000E0
2.543327280E1,6.150439410E1,2.360824377E1,1.157219270E2,1.759999990E0,8.359999847E1,3.790092468E0,2.500000000E0
2.643240338E1,6.150439565E1,2.360827704E1,1.158812315E2,1.730000019E0,8.409999847E1,3.790092468E0,2.500000000E0
2.743277265E1,6.150439639E1,2.360831064E1,1.161823812E2,1.700000048E0,8.540000153E1,3.790092468E0,2.500000000E0
2.843315124E1,6.150439711E1,2.360834266E1,1.164243266E2,1.620000005E0,8.500000000E1,3.790092468E0,2.500000000E0
2.943241962E1,6.150439832E1,2.360837392E1,1.166004765E2,1.659999967E0,8.450000000E1,3.790092468E0,2.500000000E0
3.043276546E1,6.150439944E1,2.360840431E1,1.168739164E2,1.620000005E0,8.359999847E1,3.790092468E0,2.500000000E0
3.143269317E1,6.150440091E1,2.360843119E1,1.168317435E2,1.450000048E0,8.400000000E1,3.790092468E0,2.500000000E0
3.243307421E1,6.150440232E1,2.360845829E1,1.167724198E2,1.559999943E0,8.400000000E1,3.790092468E0,2.500000000E0
3.343241926E1,6.150440351E1,2.360848541E1,1.166089088E2,1.509999990E0,8.490000153E1,3.790092468E0,2.500000000E0
3.443324483E1,6.150440457E1,2.360851504E1,1.166094604E2,1.720000029E0,8.609999847E1,3.790092468E0,2.500000000E0
3.543329092E1,6.150440561E1,2.360854718E1,1.166532250E2,1.740000010E0,8.619999695E1,3.790092468E0,2.500000000E0
3.643261853E1,6.150440649E1,2.360858157E1,1.166503586E2,1.730000019E0,8.569999695E1,3.790092468E0,2.500000000E0
3.743327577E1,6.150440705E1,2.360861483E1,1.166120916E2,1.649999976E0,8.550000000E1,3.790092468E0,2.500000000E0
3.843249790E1,6.150440782E1,2.360864916E1,1.165195646E2,1.750000000E0,8.619999695E1,3.790092468E0,2.500000000E0
3.943252155E1,6.150440807E1,2.360868273E1,1.168411606E2,1.610000014E0,8.759999847E1,3.790092468E0,2.500000000E0
4.043255837E1,6.150440768E1,2.360871635E1,1.167637083E2,1.669999957E0,8.919999695E1,3.790092468E0,2.500000000E0
4.143314795E1,6.150440750E1,2.360875100E1,1.170047987E2,1.690000057E0,8.850000000E1,3.790092468E0,2.500000000E0
4.243276748E1,6.150440855E1,2.360878490E1,1.169897865E2,1.679999948E0,8.509999847E1,3.790092468E0,2.500000000E0
4.343276754E1,6.150441139E1,2.360881795E1,1.167829422E2,1.659999967E0,7.880000305E1,3.790092468E0,2.500000000E0
4.443302415E1,6.150441552E1,2.360885011E1,1.164728273E2,1.649999976E0,7.559999847E1,3.790092468E0,2.500000000E0
4.543320623E1,6.150441939E1,2.360888273E1,1.166161425E2,1.690000057E0,7.680000305E1,3.790092468E0,2.500000000E0
4.643326858E1,6.150442201E1,2.360891347E1,1.162407798E2,1.480000019E0,8.000000000E1,3.790092468E0,2.500000000E0
4.743259936E1,6.150442470E1,2.360894411E1,1.160863034E2,1.620000005E0,8.080000305E1,3.790092468E0,2.500000000E0
4.843311623E1,6.150442755E1,2.360897595E1,1.159520298E2,1.690000057E0,8.119999695E1,3.790092468E0,2.500000000E0
4.943247670E1,6.150442949E1,2.360900754E1,1.159067448E2,1.549999952E0,8.209999847E1,3.790092468E0,2.500000000E0
5.043276660E1,6.150443060E1,2.360903988E1,1.157082609E2,1.659999967E0,8.580000305E1,3.790092468E0,2.500000000E0
5.143278092E1,6.150443122E1,2.360907011E1,1.156718248E2,1.379999995E0,8.780000305E1,3.790092468E0,2.500000000E0
5.243258071E1,6.150443166E1,2.360910033E1,1.156065190E2,1.610000014E0,8.819999695E1,3.790092468E0,2.500000000E0
5.343273165E1,6.150443221E1,2.360913390E1,1.158538355E2,1.669999957E0,8.800000000E1,3.790092468E0,2.500000000E0
5.443246623E1,6.150443279E1,2.360916751E1,1.159829879E2,1.629999995E0,8.690000153E1,3.790092468E0,2.500000000E0
5.543283274E1,6.150443360E1,2.360920013E1,1.162278021E2,1.649999976E0,8.709999847E1,3.790092468E0,2.500000000E0
5.643297092E1,6.150443468E1,2.360923210E1,1.162201141E2,1.570000052E0,8.640000153E1,3.790092468E0,2.500000000E0
5.743307212E1,6.150443597E1,2.360926162E1,1.162062615E2,1.429999948E0,8.530000305E1,3.790092468E0,2.500000000E0
5.843326894E1,6.150443744E1,2.360929093E1,1.162309833E2,1.490000010E0,8.450000000E1,3.790092468E0,2.500000000E0
5.943319940E1,6.150443870E1,2.360931993E1,1.166310101E2,1.460000038E0,8.530000305E1,3.790092468E0,2.500000000E0
6.043293414E1,6.150443988E1,2.360935004E1,1.168791815E2,1.590000033E0,8.630000305E1,3.790092468E0,2.500000000E0
6.143302383E1,6.150444142E1,2.360938070E1,1.167054781E2,1.539999962E0,8.559999847E1,3.790092468E0,2.500000000E0
6.243257050E1,6.150444296E1,2.360941244E1,1.166620238E2,1.610000014E0,8.590000153E1,3.790092468E0,2.500000000E0
6.343293201E1,6.150444467E1,2.360944474E1,1.167985013E2,1.600000024E0,8.640000153E1,3.790092468E0,2.500000000E0
6.443311836E1,6.150444610E1,2.360947536E1,1.165463066E2,1.500000000E0,8.740000153E1,3.790092468E0,2.500000000E0
6.543295711E1,6.150444712E1,2.360950749E1,1.163423905E2,1.710000038E0,8.880000305E1,3.790092468E0,2.500000000E0
6.643245320E1,6.150444726E1,2.360954070E1,1.164812472E2,1.610000014E0,8.980000305E1,3.790092468E0,2.500000000E0
6.743295909E1,6.150444732E1,2.360957198E1,1.164749621E2,1.580000043E0,9.109999847E1,3.790092468E0,2.500000000E0
6.843327107E1,6.150444760E1,2.360960376E1,1.163074834E2,1.600000024E0,9.100000000E1,3.790092468E0,2.500000000E0
6.943319789E1,6.150444810E1,2.360963793E1,1.164708765E2,1.700000048E0,8.940000153E1,3.790092468E0,2.500000000E0
7.043245049E1,6.150444912E1,2.360967162E1,1.165394214E2,1.610000014E0,8.790000153E1,3.790092468E0,2.500000000E0
7.143264695E1,6.150445019E1,2.360970441E1,1.164990185E2,1.659999967E0,8.600000000E1,3.790092468E0,2.500000000E0
7.243276904E1,6.150445104E1,2.360973406E1,1.163625460E2,1.360000014E0,8.730000305E1,3.790092468E0,2.500000000E0
7.343318044E1,6.150445112E1,2.360976455E1,1.162275988E2,1.669999957E0,8.940000153E1,3.790092468E0,2.500000000E0
7.443238143E1,6.150445073E1,2.360979821E1,1.164631348E2,1.629999995E0,9.109999847E1,3.790092468E0,2.500000000E0
7.543243982E1,6.150445032E1,2.360983274E1,1.162746596E2,1.809999943E0,9.069999695E1,3.790092468E0,2.500000000E0
7.643257351E1,6.150445008E1,2.360986573E1,1.165664090E2,1.610000014E0,8.940000153E1,3.790092468E0,2.500000000E0
7.743274377E1,6.150445024E1,2.360989621E1,1.168804365E2,1.580000043E0,8.959999847E1,3.790092468E0,2.500000000E0
7.843287273E1,6.150445062E1,2.360992521E1,1.171392272E2,1.549999952E0,8.840000153E1,3.790092468E0,2.500000000E0
7.943276841E1,6.150445115E1,2.360995323E1,1.170123979E2,1.559999943E0,8.809999847E1,3.790092468E0,2.500000000E0
8.043263627E1,6.150445162E1,2.360998280E1,1.167533055E2,1.610000014E0,8.680000305E1,3.790092468E0,2.500000000E0
8.143255049E1,6.150445201E1,2.361001304E1,1.168355826E2,1.600000024E0,8.750000000E1,3.790092468E0,2.500000000E0
8.243241742E1,6.150445252E1,2.361004331E1,1.166031016E2,1.610000014E0,8.769999695E1,3.790092468E0,2.500000000E0
8.343285549E1,6.150445277E1,2.361007345E1,1.164436183E2,1.610000014E0,8.859999847E1,3.790092468E0,2.500000000E0
8.443328742E1,6.150445271E1,2.361010373E1,1.164501505E2,1.610000014E0,8.919999695E1,3.790092468E0,2.500000000E0
8.543327028E1,6.150445188E1,2.361013634E1,1.163305835E2,1.710000038E0,8.969999695E1,3.790092468E0,2.500000000E0
8.643309210E1,6.150445097E1,2.361016963E1,1.161749448E2,1.669999957E0,9.000000000E1,3.790092468E0,2.500000000E0
8.743294122E1,6.150444985E1,2.361019914E1,1.158521304E2,1.389999986E0,9.080000305E1,3.790092468E0,2.500000000E0
8.843299570E1,6.150444912E1,2.361022868E1,1.157297557E2,1.600000024E0,8.990000153E1,3.790092468E0,2.500000000E0
8.943325314E1,6.150444858E1,2.361026045E1,1.156892295E2,1.649999976E0,8.959999847E1,3.790092468E0,2.500000000E0
9.043259872E1,6.150444811E1,2.361029194E1,1.156366183E2,1.629999995E0,8.930000305E1,3.790092468E0,2.500000000E0
9.143245299E1,6.150444776E1,2.361032240E1,1.155055770E2,1.549999952E0,9.009999847E1,3.790092468E0,2.500000000E0
9.243260648E1,6.150444713E1,2.361035253E1,1.155104608E2,1.570000052E0,9.040000153E1,3.790092468E0,2.500000000E0
9.343255132E1,6.150444629E1,2.361038406E1,1.154415530E2,1.620000005E0,9.030000305E1,3.790092468E0,2.500000000E0
9.443256689E1,6.150444512E1,2.361041407E1,1.154020637E2,1.500000000E0,9.169999695E1,3.790092468E0,2.500000000E0
9.543327231E1,6.150444431E1,2.361044309E1,1.153386490E2,1.539999962E0,9.140000153E1,3.790092468E0,2.500000000E0
9.643314793E1,6.150444358E1,2.361047131E1,1.152655907E2,1.529999971E0,9.219999695E1,3.790092468E0,2.500000000E0
9.743276819E1,6.150444162E1,2.361049722E1,1.154289204E2,1.320000052E0,9.880000305E1,3.790092468E0,2.500000000E0
9.843326580E1,6.150443455E1,2.361051836E1,1.157658910E2,1.429999948E0,1.203000031E2,3.790092468E0,2.500000000E0
9.943254074E1,6.150442184E1,2.361053226E1,1.161628544E2,1.559999943E0,1.493999939E2,3.790092468E0,2.500000000E0
1.004329837E2,6.150440522E1,2.361053653E1,1.166851193E2,1.590000033E0,1.680000000E2,3.790092468E0,2.500000000E0
1.014326679E2,6.150438806E1,2.361053453E1,1.172168441E2,1.570000052E0,1.751999969E2,3.790092468E0,2.500000000E0
1.024329339E2,6.150437068E1,2.361053045E1,1.175144987E2,1.690000057E0,1.776000061E2,3.790092468E0,2.500000000E0
1.034325306E2,6.150435231E1,2.361052525E1,1.179755436E2,1.830000043E0,1.798999939E2,3.790092468E0,2.500000000E0
1.044325737E2,6.150433498E1,2.361051982E1,1.184301806E2,1.659999967E0,1.803000031E2,3.790092468E0,2.500000000E0
1.054332171E2,6.150431838E1,2.361051554E1,1.187105629E2,1.710000038E0,1.795000000E2,3.790092468E0,2.500000000E0
1.064329291E2,6.150430228E1,2.361051251E1,1.188088778E2,1.669999957E0,1.778000031E2,3.790092468E0,2.500000000E0
1.074325408E2,6.150428618E1,2.361050861E1,1.189031032E2,1.720000029E0,1.795000000E2,3.790092468E0,2.500000000E0
1.084332651E2,6.150426977E1,2.361050411E1,1.199367205E2,1.720000029E0,1.803999939E2,3.790092468E0,2.500000000E0
1.094332101E2,6.150425292E1,2.361050097E1,1.200791632E2,1.759999990E0,1.793000031E2,3.790092468E0,2.500000000E0
1.104325212E2,6.150423747E1,2.361049913E1,1.203517950E2,1.570000052E0,1.750000000E2,3.790092468E0,2.500000000E0
1.114325789E2,6.150422274E1,2.361049900E1,1.207029797E2,1.620000005E0,1.726000061E2,3.790092468E0,2.500000000E0
1.124327259E2,6.150420768E1,2.361049962E1,1.213036149E2,1.639999986E0,1.726000061E2,3.790092468E0,2.500000000E0
1.134325626E2,6.150419194E1,2.361050015E1,1.216295914E2,1.679999948E0,1.743000031E2,3.790092468E0,2.500000000E0
1.144328745E2,6.150417628E1,2.361049965E1,1.219143081E2,1.669999957E0,1.758999939E2,3.790092468E0,2.500000000E0
1.154332716E2,6.150416053E1,2.361049750E1,1.221674694E2,1.659999967E0,1.776999969E2,3.790092468E0,2.500000000E0
1.164332517E2,6.150414491E1,2.361049593E1,1.222883677E2,1.659999967E0,1.781999969E2,3.790092468E0,2.500000000E0
1.174332394E2,6.150412956E1,2.361049573E1,1.223729504E2,1.610000014E0,1.768000031E2,3.790092468E0,2.500000000E0
1.184325451E2,6.150411459E1,2.361049657E1,1.229032121E2,1.669999957E0,1.758999939E2,3.790092468E0,2.500000000E0
1.194326907E2,6.150409920E1,2.361049736E1,1.229854145E2,1.659999967E0,1.768000031E2,3.790092468E0,2.500000000E0
1.204324265E2,6.150408390E1,2.361049735E1,1.231555685E2,1.669999957E0,1.781999969E2,3.790092468E0,2.500000000E0
1.214326210E2,6.150406895E1,2.361049625E1,1.232955713E2,1.639999986E0,1.796000061E2,3.790092468E0,2.500000000E0
1.224327585E2,6.150405439E1,2.361049579E1,1.234091463E2,1.590000033E0,1.776999969E2,3.790092468E0,2.500000000E0
1.234328868E2,6.150403958E1,2.361049611E1,1.237301796E2,1.639999986E0,1.771999969E2,3.790092468E0,2.500000000E0
1.244326670E2,6.150402505E1,2.361049766E1,1.236936693E2,1.620000005E0,1.756999969E2,3.790092468E0,2.500000000E0
1.254325732E2,6.150401141E1,2.361049930E1,1.236148012E2,1.629999995E0,1.771999969E2,3.790092468E0,2.500000000E0
1.264325575E2,6.150399740E1,2.361050007E1,1.235043777E2,1.620000005E0,1.780000000E2,3.790092468E0,2.500000000E0
1.274326072E2,6.150398298E1,2.361050121E1,1.239322229E2,1.659999967E0,1.781000061E2,3.790092468E0,2.500000000E0
1.284328813E2,6.150396897E1,2.361050127E1,1.237225561E2,1.649999976E0,1.793000031E2,3.790092468E0,2.500000000E0
1.294330627E2,6.150395495E1,2.361050054E1,1.236705431E2,1.659999967E0,1.806999969E2,3.790092468E0,2.500000000E0
1.304331372E2,6.150394011E1,2.361050008E1,1.237399895E2,1.629999995E0,1.810000000E2,3.790092468E0,2.500000000E0
1.314331676E2,6.150392577E1,2.361050057E1,1.237980837E2,1.610000014E0,1.790000000E2,3.790092468E0,2.500000000E0
1.324332597E2,6.150391122E1,2.361050149E1,1.241030040E2,1.620000005E0,1.773000031E2,3.790092468E0,2.500000000E0
1.334328875E2,6.150389724E1,2.361050230E1,1.243247338E2,1.669999957E0,1.778999939E2,3.790092468E0,2.500000000E0
1.344329810E2,6.150388282E1,2.361050233E1,1.245574495E2,1.610000014E0,1.798999939E2,3.790092468E0,2.500000000E0
1.354323882E2,6.150386941E1,2.361050176E1,1.244168750E2,1.549999952E0,1.806999969E2,3.790092468E0,2.500000000E0
1.364328767E2,6.150385605E1,2.361050135E1,1.244501897E2,1.570000052E0,1.808000031E2,3.790092468E0,2.500000000E0
1.374332776E2,6.150384202E1,2.361050026E1,1.246194291E2,1.600000024E0,1.813999939E2,3.790092468E0,2.500000000E0
1.384332702E2,6.150382772E1,2.361049953E1,1.244372279E2,1.659999967E0,1.801999969E2,3.790092468E0,2.500000000E0
1.394326210E2,6.150381383E1,2.361049943E1,1.242942116E2,1.590000033E0,1.796999969E2,3.790092468E0,2.500000000E0
1.404330280E2,6.150380006E1,2.361049981E1,1.243081169E2,1.639999986E0,1.788000031E2,3.790092468E0,2.500000000E0
1.414324454E2,6.150378654E1,2.361049980E1,1.245697029E2,1.610000014E0,1.798999939E2,3.790092468E0,2.500000000E0
1.424329165E2,6.150377309E1,2.361049866E1,1.244680077E2,1.580000043E0,1.811999969E2,3.790092468E0,2.500000000E0
1.434328696E2,6.150375943E1,2.361049739E1,1.246328529E2,1.570000052E0,1.818999939E2,3.790092468E0,2.500000000E0
1.444329005E2,6.150374630E1,2.361049767E1,1.241300350E2,1.460000038E0,1.816000061E2,3.790092468E0,2.500000000E0
1.454325617E2,6.150373356E1,2.361050014E1,1.239923909E2,1.519999981E0,1.791000061E2,3.790092468E0,2.500000000E0
1.464330607E2,6.150372031E1,2.361050535E1,1.239531961E2,1.529999971E0,1.750000000E2,3.790092468E0,2.500000000E0
1.474327042E2,6.150370732E1,2.361051200E1,1.236144412E2,1.580000043E0,1.728999939E2,3.790092468E0,2.500000000E0
1.484331501E2,6.150369415E1,2.361051730E1,1.233065087E2,1.629999995E0,1.743000031E2,3.790092468E0,2.500000000E0
1.494327713E2,6.150368157E1,2.361052037E1,1.229940600E2,1.620000005E0,1.778999939E2,3.790092468E0,2.500000000E0
1.504331227E2,6.150366871E1,2.361052075E1,1.232739572E2,1.590000033E0,1.798000031E2,3.790092468E0,2.500000000E0
1.514324934E2,6.150365473E1,2.361052096E1,1.234499716E2,1.710000038E0,1.790000000E2,3.790092468E0,2.500000000E0
1.524330696E2,6.150363986E1,2.361052134E1,1.237398159E2,1.659999967E0,1.786000061E2,3.790092468E0,2.500000000E0
1.534327727E2,6.150362566E1,2.361052218E1,1.237001930E2,1.580000043E0,1.778999939E2,3.790092468E0,2.500000000E0
1.544332688E2,6.150361168E1,2.361052261E1,1.235562001E2,1.529999971E0,1.785000000E2,3.790092468E0,2.500000000E0
1.554324476E2,6.150359737E1,2.361052294E1,1.235646728E2,1.529999971E0,1.780000000E2,3.790092468E0,2.500000000E0
1.564330885E2,6.150358246E1,2.361052415E1,1.232948858E2,1.600000024E0,1.778000031E2,3.790092468E0,2.500000000E0
1.574327349E2,6.150356695E1,2.361052641E1,1.232211432E2,1.620000005E0,1.768000031E2,3.790092468E0,2.500000000E0
1.584332133E2,6.150355090E1,2.361052936E1,1.235392460E2,1.710000038E0,1.763999939E2,3.790092468E0,2.500000000E0
1.594324649E2,6.150353462E1,2.361053305E1,1.236285278E2,1.610000014E0,1.756999969E2,3.790092468E0,2.500000000E0
1.604331010E2,6.150351891E1,2.361053723E1,1.235870728E2,1.549999952E0,1.750000000E2,3.790092468E0,2.500000000E0
1.614328980E2,6.150350343E1,2.361054110E1,1.240478763E2,1.620000005E0,1.750000000E2,3.790092468E0,2.500000000E0
1.624324617E2,6.150348881E1,2.361054577E1,1.237182752E2,1.629999995E0,1.750000000E2,3.790092468E0,2.500000000E0
1.634327651E2,6.150347522E1,2.361055075E1,1.229686310E2,1.639999986E0,1.746999969E2,3.790092468E0,2.500000000E0
1.644332269E2,6.150346282E1,2.361055507E1,1.224953549E2,1.509999990E0,1.741000061E2,3.790092468E0,2.500000000E0
1.654325758E2,6.150345006E1,2.361055856E1,1.223199300E2,1.509999990E0,1.743999939E2,3.790092468E0,2.500000000E0
1.664330556E2,6.150343632E1,2.361056106E1,1.226237523E2,1.590000033E0,1.753000031E2,3.790092468E0,2.500000000E0
1.674332725E2,6.150342326E1,2.361056404E1,1.223964473E2,1.620000005E0,1.748999939E2,3.790092468E0,2.500000000E0
1.684327654E2,6.150341092E1,2.361056815E1,1.216752464E2,1.600000024E0,1.746999969E2,3.790092468E0,2.500000000E0
1.694331365E2,6.150339869E1,2.361057198E1,1.212627004E2,1.590000033E0,1.726999969E2,3.790092468E0,2.500000000E0
1.704324196E2,6.150338704E1,2.361057621E1,1.210342369E2,1.590000033E0,1.715000000E2,3.790092468E0,2.500000000E0
1.714330559E2,6.150337461E1,2.361058081E1,1.213494739E2,1.639999986E0,1.711000061E2,3.790092468E0,2.500000000E0
1.724332689E2,6.150336011E1,2.361058455E1,1.214413817E2,1.690000057E0,1.718000031E2,3.790092468E0,2.500000000E0
1.734326081E2,6.150334582E1,2.361058836E1,1.210229136E2,1.679999948E0,1.723000031E2,3.790092468E0,2.500000000E0
1.744331457E2,6.150333124E1,2.361059275E1,1.211258687E2,1.649999976E0,1.716000061E2,3.790092468E0,2.500000000E0
1.754332702E2,6.150331713E1,2.361059883E1,1.209659458E2,1.750000000E0,1.691000061E2,3.790092468E0,2.500000000E0
1.764332672E2,6.150329908E1,2.361060724E1,1.212220966E2,2.309999943E0,1.678000031E2,3.790092468E0,2.500000000E0
1.774327652E2,6.150327487E1,2.361061771E1,1.209538286E2,3.079999924E0,1.681999969E2,3.790092468E0,2.500000000E0
1.784331722E2,6.150324787E1,2.361062623E1,1.200116691E2,3.039999962E0,1.728999939E2,3.790092468E0,2.500000000E0
1.794329059E2,6.150322056E1,2.361063141E1,1.200240991E2,3.079999924E0,1.741999969E2,3.790092468E0,2.500000000E0
1.804326414E2,6.150319561E1,2.361063659E1,1.202143874E2,2.759999990E0,1.751000061E2,3.790092468E0,2.500000000E0
1.814332670E2,6.150317227E1,2.361064385E1,1.197615496E2,2.849999905E0,1.720000000E2,3.790092468E0,2.500000000E0
1.824330023E2,6.150314752E1,2.361065395E1,1.203096264E2,2.950000048E0,1.711000061E2,3.790092468E0,2.500000000E0
1.834324163E2,6.150312304E1,2.361066493E1,1.206178352E2,2.759999990E0,1.698999939E2,3.790092468E0,2.500000000E0
1.844329723E2,6.150310076E1,2.361067692E1,1.203481040E2,2.730000019E0,1.690000000E2,3.790092468E0,2.500000000E0
1.854323909E2,6.150308137E1,2.361068947E1,1.197172300E2,2.460000038E0,1.676000061E2,3.790092468E0,2.500000000E0
1.864331128E2,6.150306529E1,2.361070167E1,1.194600158E2,2.259999990E0,1.673000031E2,3.790092468E0,2.500000000E0
1.874332711E2,6.150304912E1,2.361071157E1,1.199540832E2,2.369999886E0,1.693000031E2,3.790092468E0,2.500000000E0
1.884325486E2,6.150303019E1,2.361071911E1,1.201769080E2,2.730000019E0,1.721000061E2,3.790092468E0,2.500000000E0
1.894328751E2,6.150301576E1,2.361072437E1,1.198739185E2,1.639999986E0,1.730000000E2,3.790092468E0,2.500000000E0
1.904324122E2,6.150300608E1,2.361072892E1,1.198952734E2,1.629999995E0,1.723000031E2,3.790092468E0,2.500000000E0
1.914327666E2,6.150299609E1,2.361073442E1,1.196427023E2,1.649999976E0,1.703000031E2,3.790092468E0,2.500000000E0
1.924332602E2,6.150298565E1,2.361073999E1,1.196329288E2,1.649999976E0,1.700000000E2,3.790092468E0,2.500000000E0
1.934325190E2,6.150297404E1,2.361074677E1,1.199975440E2,1.639999986E0,1.696999969E2,3.790092468E0,2.500000000E0
1.944332133E2,6.150296209E1,2.361075429E1,1.197815926E2,1.700000048E0,1.701999969E2,3.790092468E0,2.500000000E0
1.954332234E2,6.150294988E1,2.361076128E1,1.197648597E2,1.539999962E0,1.698000031E2,3.790092468E0,2.500000000E0
1.964326885E2,6.150293760E1,2.361076815E1,1.197709540E2,1.549999952E0,1.698999939E2,3.790092468E0,2.500000000E0
1.974330973E2,6.150292470E1,2.361077525E1,1.195209442E2,1.529999971E0,1.688999939E2,3.790092468E0,2.500000000E0
1.984332112E2,6.150291405E1,2.361078168E1,1.196088267E2,1.200000048E0,1.688999939E2,3.790092468E0,2.500000000E0
1.994327819E2,6.150290789E1,2.361078526E1,1.198513148E2,5.899999738E-1,1.686000061E2,3.790092468E0,2.500000000E0
2.004332911E2,6.150291000E1,2.361078623E1,1.198455792E2,0.000000000E0,NaN,3.790092468E0,2.500000000E0
2.014332188E2,6.150291222E1,2.361078612E1,1.198414915E2,0.000000000E0,NaN,3.790092468E0,2.500000000E0
2.024329783E2,6.150291307E1,2.361078669E1,1.195588995E2,1.800000072E-1,1.698999939E2,3.790092468E0,2.500000000E0
2.034328419E2,6.150290638E1,2.361079080E1,1.196063798E2,1.179999948E0,1.663999939E2,3.790092468E0,2.500000000E0
2.044326358E2,6.150289282E1,2.361079842E1,1.198528905E2,1.610000014E0,1.650000000E2,3.790092468E0,2.500000000E0
2.054328778E2,6.150287644E1,2.361080543E1,1.201582369E2,1.740000010E0,1.678000031E2,3.790092468E0,2.500000000E0
2.064330585E2,6.150285895E1,2.361081179E1,1.208247884E2,1.820000052E0,1.701000061E2,3.790092468E0,2.500000000E0
2.074324083E2,6.150284153E1,2.361081622E1,1.210689766E2,1.759999990E0,1.723999939E2,3.790092468E0,2.500000000E0
2.084327146E2,6.150282622E1,2.361082117E1,1.207517041E2,1.690000057E0,1.703999939E2,3.790092468E0,2.500000000E0
2.094325260E2,6.150281085E1,2.361082599E1,1.212674393E2,1.690000057E0,1.705000000E2,3.790092468E0,2.500000000E0
2.104331431E2,6.150279650E1,2.361083130E1,1.210442838E2,1.659999967E0,1.696000061E2,3.790092468E0,2.500000000E0
2.114326280E2,6.150278132E1,2.361083654E1,1.214259249E2,1.700000048E0,1.713000031E2,3.790092468E0,2.500000000E0
2.124327649E2,6.150276534E1,2.361084191E1,1.213956392E2,1.710000038E0,1.713999939E2,3.790092468E0,2.500000000E0
2.134332534E2,6.150274941E1,2.361084707E1,1.217705659E2,1.700000048E0,1.720000000E2,3.790092468E0,2.500000000E0
2.144324988E2,6.150273345E1,2.361085192E1,1.219938202E2,1.700000048E0,1.716000061E2,3.790092468E0,2.500000000E0
2.154330364E2,6.150271756E1,2.361085744E1,1.219504731E2,1.610000014E0,1.713000031E2,3.790092468E0,2.500000000E0
2.164324774E2,6.150270191E1,2.361086316E1,1.218595797E2,1.590000033E0,1.696999969E2,3.790092468E0,2.500000000E0
2.174327721E2,6.150268672E1,2.361086849E1,1.216193337E2,1.529999971E0,1.696000061E2,3.790092468E0,2.500000000E0
2.184332605E2,6.150267157E1,2.361087360E1,1.219317610E2,1.590000033E0,1.693000031E2,3.790092468E0,2.500000000E0
2.194323958E2,6.150265536E1,2.361087822E1,1.219664775E2,1.679999948E0,1.705000000E2,3.790092468E0,2.500000000E0
2.204332663E2,6.150263846E1,2.361088381E1,1.218709445E2,1.669999957E0,1.695000000E2,3.790092468E0,2.500000000E0
2.214331031E2,6.150262179E1,2.361089000E1,1.218361417E2,1.629999995E0,1.686000061E2,3.790092468E0,2.500000000E0
2.224325810E2,6.150260572E1,2.361089591E1,1.215694057E2,1.539999962E0,1.681999969E2,3.790092468E0,2.500000000E0
2.234331153E2,6.150259018E1,2.361090143E1,1.215824553E2,1.649999976E0,1.688999939E2,3.790092468E0,2.500000000E0
2.244329167E2,6.150257450E1,2.361090725E1,1.215715180E2,1.639999986E0,1.686999969E2,3.790092468E0,2.500000000E0
2.254332929E2,6.150255923E1,2.361091367E1,1.213398779E2,1.629999995E0,1.676999969E2,3.790092468E0,2.500000000E0
2.264325168E2,6.150254369E1,2.361092059E1,1.212351297E2,1.629999995E0,1.663000031E2,3.790092468E0,2.500000000E0
2.274324172E2,6.150252799E1,2.361092881E1,1.210238751E2,1.669999957E0,1.656000061E2,3.790092468E0,2.500000000E0
2.284332200E2,6.150251260E1,2.361093807E1,1.211655871E2,1.620000005E0,1.646000061E2,3.790092468E0,2.500000000E0
2.294332695E2,6.150249785E1,2.361094648E1,1.211957883E2,1.620000005E0,1.643000031E2,3.790092468E0,2.500000000E0
2.304330262E2,6.150248339E1,2.361095332E1,1.212352671E2,1.570000052E0,1.655000000E2,3.790092468E0,2.500000000E0
2.314332575E2,6.150246829E1,2.361095889E1,1.212883561E2,1.720000029E0,1.678000031E2,3.790092468E0,2.500000000E0
2.324326668E2,6.150245344E1,2.361096309E1,1.214439843E2,1.620000005E0,1.701000061E2,3.790092468E0,2.500000000E0
2.334324849E2,6.150243921E1,2.361096624E1,1.215430333E2,1.629999995E0,1.711000061E2,3.790092468E0,2.500000000E0
2.344324805E2,6.150242462E1,2.361096920E1,1.213857955E2,1.620000005E0,1.716000061E2,3.790092468E0,2.500000000E0
2.354331233E2,6.150241010E1,2.361097143E1,1.214138603E2,1.639999986E0,1.730000000E2,3.790092468E0,2.500000000E0
2.364330277E2,6.150239538E1,2.361097294E1,1.212369079E2,1.649999976E0,1.746999969E2,3.790092468E0,2.500000000E0
2.374327118E2,6.150237994E1,2.361097287E1,1.214073670E2,1.759999990E0,1.773000031E2,3.790092468E0,2.500000000E0
2.384330865E2,6.150236436E1,2.361097160E1,1.212993225E2,1.720000029E0,1.785000000E2,3.790092468E0,2.500000000E0
2.394324513E2,6.150234943E1,2.361096984E1,1.215329533E2,1.659999967E0,1.796999969E2,3.790092468E0,2.500000000E0
2.404330558E2,6.150233457E1,2.361096750E1,1.215488106E2,1.639999986E0,1.803000031E2,3.790092468E0,2.500000000E0
2.414326933E2,6.150231973E1,2.361096420E1,1.215994580E2,1.629999995E0,1.818000031E2,3.790092468E0,2.500000000E0
2.424324777E2,6.150230516E1,2.361095975E1,1.218844806E2,1.629999995E0,1.835000000E2,3.790092468E0,2.500000000E0
2.434329971E2,6.150229056E1,2.361095564E1,1.217616051E2,1.639999986E0,1.848000031E2,3.790092468E0,2.500000000E0
2.444331262E2,6.150227657E1,2.361095063E1,1.216099216E2,1.629999995E0,1.853000031E2,3.790092468E0,2.500000000E0
2.454327154E2,6.150226289E1,2.361094452E1,1.214190536E2,1.610000014E0,1.881999969E2,3.790092468E0,2.500000000E0
2.464332179E2,6.150224913E1,2.361093777E1,1.214935664E2,1.629999995E0,1.898000031E2,3.790092468E0,2.500000000E0
2.474325716E2,6.150223548E1,2.361093121E1,1.210948127E2,1.570000052E0,1.916999969E2,3.790092468E0,2.500000000E0
2.484325825E2,6.150222153E1,2.361092445E1,1.211624894E2,1.629999995E0,1.905000000E2,3.790092468E0,2.500000000E0
2.494327180E2,6.150220760E1,2.361091922E1,1.212309597E2,1.620000005E0,1.893999939E2,3.790092468E0,2.500000000E0
2.504330745E2,6.150219354E1,2.361091504E1,1.213385534E2,1.620000005E0,1.875000000E2,3.790092468E0,2.500000000E0
2.514326190E2,6.150218027E1,2.361091034E1,1.216910208E2,1.529999971E0,1.873000031E2,3.790092468E0,2.500000000E0
2.524331721E2,6.150216703E1,2.361090452E1,1.218412177E2,1.590000033E0,1.891000061E2,3.790092468E0,2.500000000E0
2.534327709E2,6.150215349E1,2.361089679E1,1.221369830E2,1.620000005E0,1.918999939E2,3.790092468E0,2.500000000E0
2.544327698E2,6.150213540E1,2.361088590E1,1.219453179E2,2.450000048E0,1.935000000E2,3.790092468E0,2.500000000E0
2.554330046E2,6.150211762E1,2.361087716E1,1.220455843E2,1.769999981E0,1.928999939E2,3.790092468E0,2.500000000E0
2.564327651E2,6.150210277E1,2.361086986E1,1.222402745E2,1.700000048E0,1.928999939E2,3.790092468E0,2.500000000E0
2.574326540E2,6.150208605E1,2.361086199E1,1.223478049E2,2.079999924E0,1.923000031E2,3.790092468E0,2.500000000E0
2.584325307E2,6.150206978E1,2.361085399E1,1.231064588E2,1.730000019E0,1.933000031E2,3.790092468E0,2.500000000E0
2.594332765E2,6.150205375E1,2.361084593E1,1.232155767E2,2.109999895E0,1.931999969E2,3.790092468E0,2.500000000E0
2.604330420E2,6.150203798E1,2.361083689E1,1.234936400E2,1.799999952E0,1.938000031E2,3.790092468E0,2.500000000E0
2.614329312E2,6.150202506E1,2.361082953E1,1.238050309E2,1.600000024E0,1.938999939E2,3.790092468E0,2.500000000E0
2.624320725E2,6.150200930E1,2.361082136E1,1.244681041E2,2.299999952E0,1.941000061E2,3.790092468E0,2.500000000E0
2.634317702E2,6.150199025E1,2.361081270E1,1.248836161E2,2.349999905E0,1.936999969E2,3.790092468E0,2.500000000E0
2.644315447E2,6.150197307E1,2.361080507E1,1.248737755E2,2.259999990E0,1.943999939E2,3.790092468E0,2.500000000E0
2.654314023E2,6.150195672E1,2.361079796E1,1.250707228E2,2.269999981E0,1.936999969E2,3.790092468E0,2.500000000E0
2.664320809E2,6.150194100E1,2.361079055E1,1.247105417E2,2.170000076E0,1.933999939E2,3.790092468E0,2.500000000E0
2.674321097E2,6.150192600E1,2.361078314E1,1.251664011E2,2.150000095E0,1.921000061E2,3.790092468E0,2.500000000E0
2.684317551E2,6.150191253E1,2.361077547E1,1.247966392E2,1.940000057E0,1.928999939E2,3.790092468E0,2.500000000E0
2.694315415E2,6.150190057E1,2.361076763E1,1.244719835E2,1.830000043E0,1.940000000E2,3.790092468E0,2.500000000E0
2.704318862E2,6.150188868E1,2.361075896E1,1.245613292E2,1.889999986E0,1.961000061E2,3.790092468E0,2.500000000E0
2.714313734E2,6.150187843E1,2.361074909E1,1.246399950E2,1.600000024E0,1.981000061E2,3.790092468E0,2.500000000E0
2.724320906E2,6.150186795E1,2.361073661E1,1.244211141E2,1.889999986E0,1.996000061E2,3.790092468E0,2.500000000E0
2.734317655E2,6.150185844E1,2.361072288E1,1.243608643E2,1.580000043E0,2.026000061E2,3.790092468E0,2.500000000E0
2.744316023E2,6.150184995E1,2.361070975E1,1.242235889E2,1.600000024E0,2.041999969E2,3.790092468E0,2.500000000E0
2.754314231E2,6.150183995E1,2.361069677E1,1.242787562E2,1.840000033E0,2.040000000E2,3.790092468E0,2.500000000E0
2.764323835E2,6.150182860E1,2.361068426E1,1.248126212E2,1.759999990E0,2.020000000E2,3.790092468E0,2.500000000E0
2.774319409E2,6.150181742E1,2.361067350E1,1.249664205E2,1.720000029E0,2.001999969E2,3.790092468E0,2.500000000E0
2.784318848E2,6.150180776E1,2.361066357E1,1.249080018E2,1.480000019E0,2.006999969E2,3.790092468E0,2.500000000E0
2.794317164E2,6.150179857E1,2.361065281E1,1.247579697E2,1.570000052E0,2.016000061E2,3.790092468E0,2.500000000E0
2.804315435E2,6.150178877E1,2.361064046E1,1.246659814E2,1.600000024E0,2.035000000E2,3.790092468E0,2.500000000E0
2.814323674E2,6.150177889E1,2.361062827E1,1.244406923E2,1.580000043E0,2.045000000E2,3.790092468E0,2.500000000E0
2.824317665E2,6.150176844E1,2.361061632E1,1.243618261E2,1.610000014E0,2.043999939E2,3.790092468E0,2.500000000E0
2.834315879E2,6.150175724E1,2.361060464E1,1.241490482E2,1.669999957E0,2.048000031E2,3.790092468E0,2.500000000E0
2.844319682E2,6.150174508E1,2.361059114E1,1.240136010E2,1.809999943E0,2.055000000E2,3.790092468E0,2.500000000E0
2.854322162E2,6.150173410E1,2.361057749E1,1.238270073E2,1.539999962E0,2.068000031E2,3.790092468E0,2.500000000E0
2.864318824E2,6.150172371E1,2.361056534E1,1.237560757E2,1.480000019E0,2.073000031E2,3.790092468E0,2.500000000E0
2.874314069E2,6.150171273E1,2.361055180E1,1.235707637E2,1.549999952E0,2.086000061E2,3.790092468E0,2.500000000E0
2.884320071E2,6.150170221E1,2.361053736E1,1.235243070E2,1.370000005E0,2.118000031E2,3.790092468E0,2.500000000E0
2.894323588E2,6.150169208E1,2.361052296E1,1.234713809E2,1.419999957E0,2.130000000E2,3.790092468E0,2.500000000E0
2.904315751E2,6.150168100E1,2.361050765E1,1.228953216E2,1.549999952E0,2.128999939E2,3.790092468E0,2.500000000E0
2.914322715E2,6.150166923E1,2.361049318E1,1.228915275E2,1.490000010E0,2.108000031E2,3.790092468E0,2.500000000E0
2.924321234E2,6.150165769E1,2.361047821E1,1.227374650E2,1.480000019E0,2.118999939E2,3.790092468E0,2.500000000E0
2.934315299E2,6.150164680E1,2.361046243E1,1.221501755E2,1.379999995E0,2.143000031E2,3.790092468E0,2.500000000E0
2.944321631E2,6.150163498E1,2.361044438E1,1.218071477E2,1.679999948E0,2.143000031E2,3.790092468E0,2.500000000E0
2.954317704E2,6.150162366E1,2.361042711E1,1.218850189E2,1.370000005E0,2.145000000E2,3.790092468E0,2.500000000E0
2.964315442E2,6.150161347E1,2.361041143E1,1.220713505E2,1.360000014E0,2.146000061E2,3.790092468E0,2.500000000E0
2.974322599E2,6.150160341E1,2.361039530E1,1.224808267E2,1.399999976E0,2.170000000E2,3.790092468E0,2.500000000E0
2.984321690E2,6.150159290E1,2.361037755E1,1.225159128E2,1.549999952E0,2.181999969E2,3.790092468E0,2.500000000E0
2.994316720E2,6.150158287E1,2.361035967E1,1.223904768E2,1.389999986E0,2.181999969E2,3.790092468E0,2.500000000E0
3.004323482E2,6.150157263E1,2.361034277E1,1.226484636E2,1.500000000E0,2.161000061E2,3.790092468E0,2.500000000E0
3.014320617E2,6.150156123E1,2.361032546E1,1.225332804E2,1.549999952E0,2.143999939E2,3.790092468E0,2.500000000E0
3.024317646E2,6.150154971E1,2.361030773E1,1.223874576E2,1.559999943E0,2.136999969E2,3.790092468E0,2.500000000E0
3.034314700E2,6.150153944E1,2.361028924E1,1.220615819E2,1.470000029E0,2.156999969E2,3.790092468E0,2.500000000E0
3.044321279E2,6.150152897E1,2.361026983E1,1.221566045E2,1.549999952E0,2.158999939E2,3.790092468E0,2.500000000E0
3.054319175E2,6.150151872E1,2.361025110E1,1.221909584E2,1.450000048E0,2.161999969E2,3.790092468E0,2.500000000E0
3.064323663E2,6.150150830E1,2.361023128E1,1.216214302E2,1.600000024E0,2.163000031E2,3.790092468E0,2.500000000E0
3.074317679E2,6.150149747E1,2.361021028E1,1.213441990E2,1.620000005E0,2.163000031E2,3.790092468E0,2.500000000E0
3.084316366E2,6.150148623E1,2.361019027E1,1.210741697E2,1.580000043E0,2.155000000E2,3.790092468E0,2.500000000E0
3.094322962E2,6.150147576E1,2.361017121E1,1.211833525E2,1.429999948E0,2.158000031E2,3.790092468E0,2.500000000E0
3.104317720E2,6.150146540E1,2.361015229E1,1.213459411E2,1.519999981E0,2.165000000E2,3.790092468E0,2.500000000E0
3.114323427E2,6.150145499E1,2.361013373E1,1.214603119E2,1.460000038E0,2.175000000E2,3.790092468E0,2.500000000E0
3.124317652E2,6.150144537E1,2.361011599E1,1.211591560E2,1.389999986E0,2.178000031E2,3.790092468E0,2.500000000E0
3.134323118E2,6.150143533E1,2.361009432E1,1.211046427E2,1.639999986E0,2.231999969E2,3.790092468E0,2.500000000E0
3.144317657E2,6.150142445E1,2.361007070E1,1.211159246E2,1.679999948E0,2.253000031E2,3.790092468E0,2.500000000E0
3.154323209E2,6.150141331E1,2.361004730E1,1.207948698E2,1.559999943E0,2.271000061E2,3.790092468E0,2.500000000E0
3.164317709E2,6.150140213E1,2.361002422E1,1.203428335E2,1.570000052E0,2.258999939E2,3.790092468E0,2.500000000E0
3.174322306E2,6.150139091E1,2.361000076E1,1.200391127E2,1.600000024E0,2.270000000E2,3.790092468E0,2.500000000E0
3.184317663E2,6.150138001E1,2.360997794E1,1.199914956E2,1.529999971E0,2.273000031E2,3.790092468E0,2.500000000E0
3.194315277E2,6.150136925E1,2.360995575E1,1.198100286E2,1.529999971E0,2.258999939E2,3.790092468E0,2.500000000E0
3.204320331E2,6.150135748E1,2.360993373E1,1.198065393E2,1.570000052E0,2.251999969E2,3.790092468E0,2.500000000E0
3.214319952E2,6.150134569E1,2.360991236E1,1.193780622E2,1.529999971E0,2.233999939E2,3.790092468E0,2.500000000E0
3.224322568E2,6.150133406E1,2.360989220E1,1.193321537E2,1.529999971E0,2.225000000E2,3.790092468E0,2.500000000E0
3.234316109E2,6.150132187E1,2.360987118E1,1.191664326E2,1.639999986E0,2.221999969E2,3.790092468E0,2.500000000E0
3.244319049E2,6.150131044E1,2.360984911E1,1.188052776E2,1.509999990E0,2.250000000E2,3.790092468E0,2.500000000E0
3.254315824E2,6.150129976E1,2.360982614E1,1.186405953E2,1.610000014E0,2.278000031E2,3.790092468E0,2.500000000E0
3.264320632E2,6.150128961E1,2.360980190E1,1.185354226E2,1.590000033E0,2.300000000E2,3.790092468E0,2.500000000E0
3.274320197E2,6.150128012E1,2.360977886E1,1.187108290E2,1.519999981E0,2.306000061E2,3.790092468E0,2.500000000E0
3.284323000E2,6.150127038E1,2.360975540E1,1.185220385E2,1.600000024E0,2.300000000E2,3.790092468E0,2.500000000E0
3.294319107E2,6.150126036E1,2.360973126E1,1.183657795E2,1.590000033E0,2.291999969E2,3.790092468E0,2.500000000E0
3.304317686E2,6.150125028E1,2.360970725E1,1.183721181E2,1.590000033E0,2.293000031E2,3.790092468E0,2.500000000E0
3.314322844E2,6.150124157E1,2.360968383E1,1.183490389E2,1.549999952E0,2.308999939E2,3.790092468E0,2.500000000E0
3.324317655E2,6.150123421E1,2.360966052E1,1.182499109E2,1.440000057E0,2.326999969E2,3.790092468E0,2.500000000E0
3.334315986E2,6.150122664E1,2.360963679E1,1.183135635E2,1.519999981E0,2.326000061E2,3.790092468E0,2.500000000E0
3.344317650E2,6.150121911E1,2.360961267E1,1.183051946E2,1.450000048E0,2.338999939E2,3.790092468E0,2.500000000E0
3.354319348E2,6.150121104E1,2.360958755E1,1.184256704E2,1.620000005E0,2.351999969E2,3.790092468E0,2.500000000E0
3.364317612E2,6.150120298E1,2.360956074E1,1.181701086E2,1.610000014E0,2.386999969E2,3.790092468E0,2.500000000E0
3.374314161E2,6.150119513E1,2.360953283E1,1.179190635E2,1.570000052E0,2.378999939E2,3.790092468E0,2.500000000E0
3.384320451E2,6.150118797E1,2.360950706E1,1.178689468E2,1.450000048E0,2.376999969E2,3.790092468E0,2.593831301E0
3.394314885E2,6.150118037E1,2.360948019E1,1.176379215E2,1.639999986E0,2.365000000E2,3.790092468E0,3.042093754E0
3.404317848E2,6.150117228E1,2.360945230E1,1.179364368E2,1.519999981E0,2.363000031E2,3.790092468E0,2.993882895E0
3.414317729E2,6.150116614E1,2.360942866E1,1.179624318E2,1.230000019E0,2.406000061E2,3.790092468E0,3.390622854E0
3.424323617E2,6.150116059E1,2.360940546E1,1.177866451E2,1.389999986E0,2.423000031E2,3.790092468E0,3.351122379E0
3.434317755E2,6.150115381E1,2.360938071E1,1.183869804E2,1.590000033E0,2.405000000E2,3.790092468E0,3.519314528E0
3.444316114E2,6.150114542E1,2.360935408E1,1.186432591E2,1.649999976E0,2.353999939E2,3.795847893E0,3.481749058E0
3.454322911E2,6.150113616E1,2.360932810E1,1.188775035E2,1.590000033E0,2.350000000E2,3.856834412E0,3.510725021E0
3.464314649E2,6.150112831E1,2.360930141E1,1.192756895E2,1.570000052E0,2.390000000E2,3.811947823E0,3.440103769E0
3.474317720E2,6.150112107E1,2.360927355E1,1.193882313E2,1.590000033E0,2.406000061E2,3.790092468E0,3.288160563E0
3.484317833E2,6.150111462E1,2.360924550E1,1.193812058E2,1.580000043E0,2.413999939E2,3.790092468E0,3.330188274E0
3.494323759E2,6.150110901E1,2.360921863E1,1.198009389E2,1.490000010E0,2.436000061E2,3.790092468E0,3.367056847E0
3.504319686E2,6.150110383E1,2.360919287E1,1.199737852E2,1.450000048E0,2.456999969E2,3.790092468E0,3.307337046E0
3.514321441E2,6.150109830E1,2.360916634E1,1.199851321E2,1.580000043E0,2.461000061E2,3.790092468E0,3.062771797E0
3.524322818E2,6.150109415E1,2.360914081E1,1.196807453E2,1.419999957E0,2.481000061E2,3.790092468E0,2.930088758E0
3.534317242E2,6.150109049E1,2.360911544E1,1.199169472E2,1.450000048E0,2.503000031E2,3.790092468E0,2.969510794E0
3.544319769E2,6.150108691E1,2.360908899E1,1.199124876E2,1.519999981E0,2.526999969E2,3.790092468E0,3.151514292E0
3.554324001E2,6.150108201E1,2.360906128E1,1.202832710E2,1.529999971E0,2.503999939E2,3.790092468E0,3.166568518E0
3.564316768E2,6.150107653E1,2.360903312E1,1.202744763E2,1.610000014E0,2.498999939E2,3.790092468E0,3.252418995E0
3.574317676E2,6.150107085E1,2.360900448E1,1.200563918E2,1.529999971E0,2.496999969E2,3.790092468E0,3.188824415E0
3.584319550E2,6.150106505E1,2.360897648E1,1.201788225E2,1.539999962E0,2.490000000E2,3.790092468E0,3.242253542E0
3.594319871E2,6.150105889E1,2.360894825E1,1.203913407E2,1.590000033E0,2.491999969E2,3.790092468E0,3.006446123E0
3.604320114E2,6.150105287E1,2.360892044E1,1.203325578E2,1.509999990E0,2.491000061E2,3.790092468E0,2.917994976E0
3.614320635E2,6.150104700E1,2.360889304E1,1.202070025E2,1.600000024E0,2.525000000E2,3.790092468E0,2.500000000E0
3.624321617E2,6.150104233E1,2.360886498E1,1.196873442E2,1.519999981E0,2.548000031E2,3.790092468E0,2.500000000E0
3.634322283E2,6.150103845E1,2.360883717E1,1.196387558E2,1.549999952E0,2.562000122E2,3.790092468E0,2.500000000E0
3.644316289E2,6.150103442E1,2.360880799E1,1.196566956E2,1.539999962E0,2.551000061E2,3.790092468E0,2.500000000E0
3.654317700E2,6.150103124E1,2.360877761E1,1.196957542E2,1.590000033E0,2.562999878E2,3.790092468E0,2.500000000E0
3.664321108E2,6.150102927E1,2.360874608E1,1.194680289E2,1.639999986E0,2.586000061E2,3.790092468E0,2.500000000E0
3.674321989E2,6.150102771E1,2.360871475E1,1.195929652E2,1.519999981E0,2.596000061E2,3.790092468E0,2.500000000E0
3.684317355E2,6.150102691E1,2.360868391E1,1.200683049E2,1.559999943E0,2.628999939E2,3.790092468E0,2.500000000E0
3.694317650E2,6.150102912E1,2.360865725E1,1.199954293E2,1.240000010E0,2.716000061E2,3.790092468E0,2.500000000E0
3.704320352E2,6.150103607E1,2.360863154E1,1.197895009E2,1.600000024E0,2.897000122E2,3.790092468E0,2.500000000E0
3.714314377E2,6.150104700E1,2.360860611E1,1.190858950E2,1.620000005E0,3.042000122E2,3.790092468E0,2.500000000E0
3.724315893E2,6.150105885E1,2.360858356E1,1.182169457E2,1.399999976E0,3.090000000E2,3.790092468E0,2.500000000E0
3.734319889E2,6.150106821E1,2.360856261E1,1.184289272E2,1.340000033E0,3.047000122E2,3.790092468E0,2.500000000E0
3.744315957E2,6.150107380E1,2.360854152E1,1.174103758E2,1.129999995E0,2.905000000E2,3.790092468E0,2.500000000E0
3.754320103E2,6.150107787E1,2.360851813E1,1.174124531E2,1.330000043E0,2.801000061E2,3.790092468E0,2.500000000E0
3.764321162E2,6.150108087E1,2.360849176E1,1.172741485E2,1.350000024E0,2.725000000E2,3.790092468E0,2.500000000E0
3.774321913E2,6.150108255E1,2.360846477E1,1.177511993E2,1.350000024E0,2.717999878E2,3.790092468E0,2.500000000E0
3.784321136E2,6.150108365E1,2.360843753E1,1.179738551E2,1.379999995E0,2.675000000E2,3.790092468E0,2.500000000E0
3.794323208E2,6.150108323E1,2.360840888E1,1.173733896E2,1.509999990E0,2.632999878E2,3.790092468E0,2.500000000E0
3.804317677E2,6.150108148E1,2.360837912E1,1.169900860E2,1.480000019E0,2.612000122E2,3.790092468E0,2.500000000E0
3.814322448E2,6.150108035E1,2.360835149E1,1.164404622E2,1.379999995E0,2.597000122E2,3.790092468E0,2.500000000E0
3.824322363E2,6.150107830E1,2.360832454E1,1.162174979E2,1.409999967E0,2.585000000E2,3.790092468E0,2.500000000E0
3.834316688E2,6.150107560E1,2.360829640E1,1.159404558E2,1.450000048E0,2.586000061E2,3.790092468E0,2.500000000E0
3.844315482E2,6.150107256E1,2.360826623E1,1.160602640E2,1.519999981E0,2.567000122E2,3.790092468E0,2.515762568E0
3.854317673E2,6.150107025E1,2.360823659E1,1.163972969E2,1.470000029E0,2.607000122E2,3.790092468E0,2.644386053E0
3.864314382E2,6.150106853E1,2.360820563E1,1.167281046E2,1.559999943E0,2.611000061E2,3.790092468E0,2.585516453E0
3.874317635E2,6.150106664E1,2.360817383E1,1.168757456E2,1.500000000E0,2.641000061E2,3.790092468E0,2.691876411E0
3.884320199E2,6.150106569E1,2.360814215E1,1.174286609E2,1.490000010E0,2.651000061E2,3.790092468E0,3.220609665E0
3.894316162E2,6.150106439E1,2.360810855E1,1.177002036E2,1.539999962E0,2.657999878E2,3.790092468E0,2.880572319E0
3.904320055E2,6.150106385E1,2.360807293E1,1.179961610E2,1.679999948E0,2.678999939E2,3.790092468E0,3.094598532E0
3.914323106E2,6.150106389E1,2.360803701E1,1.184671066E2,1.570000052E0,2.703999939E2,3.790092468E0,2.941470623E0
3.924320132E2,6.150106547E1,2.360800795E1,1.184303632E2,1.279999971E0,2.760000000E2,3.790092468E0,2.500000000E0
3.934320107E2,6.150106816E1,2.360797852E1,1.187049611E2,1.490000010E0,2.780000000E2,3.790092468E0,2.500000000E0
3.944314903E2,6.150106958E1,2.360794840E1,1.186698656E2,1.509999990E0,2.751000061E2,3.790092468E0,2.500000000E0
3.954315553E2,6.150106966E1,2.360791712E1,1.185639681E2,1.580000043E0,2.720000000E2,3.790092468E0,2.652895451E0
3.964316638E2,6.150106944E1,2.360788556E1,1.185188615E2,1.559999943E0,2.722999878E2,3.790092468E0,2.500000000E0
3.974317044E2,6.150106974E1,2.360785546E1,1.181052860E2,1.490000010E0,2.732000122E2,3.790092468E0,2.500000000E0
3.984320460E2,6.150107082E1,2.360782729E1,1.177507933E2,1.360000014E0,2.747000122E2,3.790092468E0,2.510993958E0
3.994313803E2,6.150107292E1,2.360779852E1,1.178431398E2,1.529999971E0,2.768999939E2,3.790092468E0,2.500000000E0
4.004318918E2,6.150107524E1,2.360776879E1,1.178102422E2,1.519999981E0,2.781000061E2,3.790092468E0,2.500000000E0
4.014316977E2,6.150107801E1,2.360773973E1,1.177153944E2,1.529999971E0,2.796000061E2,3.790092468E0,2.500000000E0
4.024319219E2,6.150108116E1,2.360771129E1,1.178289209E2,1.480000019E0,2.787000122E2,3.790092468E0,2.500000000E0
4.034319977E2,6.150108307E1,2.360767889E1,1.179800439E2,1.740000010E0,2.767000122E2,3.790092468E0,2.500000000E0
4.044319628E2,6.150108507E1,2.360764747E1,1.174447656E2,1.539999962E0,2.762000122E2,3.790092468E0,2.500000000E0
4.054319960E2,6.150108703E1,2.360761765E1,1.168123805E2,1.559999943E0,2.742999878E2,3.790092468E0,2.500000000E0
4.064317666E2,6.150108897E1,2.360758845E1,1.168225735E2,1.500000000E0,2.778999939E2,3.790092468E0,2.500000000E0
4.074317692E2,6.150109067E1,2.360755642E1,1.174547754E2,1.570000052E0,2.758999939E2,3.790092468E0,2.500000000E0
4.084321471E2,6.150109106E1,2.360753104E1,1.173510758E2,9.900000095E-1,2.748999939E2,3.790092468E0,2.500000000E0
4.094314249E2,6.150109096E1,2.360751030E1,1.171292729E2,1.139999986E0,2.708999939E2,3.790092468E0,2.500000000E0
4.104320391E2,6.150109071E1,2.360748889E1,1.159677727E2,1.200000048E0,2.697000122E2,3.790092468E0,2.500000000E0
4.114321971E2,6.150109060E1,2.360746910E1,1.150361310E2,1.139999986E0,2.706000061E2,3.790092468E0,2.500000000E0
4.124321179E2,6.150109053E1,2.360744880E1,1.145598116E2,1.169999957E0,2.687999878E2,3.790092468E0,2.500000000E0
4.134321082E2,6.150109052E1,2.360742825E1,1.142940025E2,1.269999981E0,2.691000061E2,3.790092468E0,2.616671801E0
4.144319063E2,6.150109047E1,2.360740595E1,1.132072705E2,1.309999943E0,2.671000061E2,3.790092468E0,2.695624828E0
4.154321839E2,6.150109085E1,2.360738206E1,1.135704898E2,1.320000052E0,2.681000061E2,3.790092468E0,3.026200533E0
4.164322673E2,6.150109126E1,2.360735867E1,1.132665340E2,1.289999962E0,2.677000122E2,3.790092468E0,2.946769714E0
4.174316980E2,6.150109239E1,2.360733553E1,1.126262749E2,1.269999981E0,2.708999939E2,3.790092468E0,2.563048840E0
4.184317652E2,6.150109367E1,2.360730901E1,1.131198049E2,1.419999957E0,2.717000122E2,3.790092468E0,2.500000000E0
4.194317886E2,6.150109514E1,2.360728196E1,1.134512867E2,1.240000010E0,2.751000061E2,3.790092468E0,2.500000000E0
4.204314959E2,6.150109614E1,2.360725388E1,1.135045699E2,1.419999957E0,2.741000061E2,3.790092468E0,2.500000000E0
4.214318969E2,6.150109697E1,2.360722362E1,1.137163611E2,1.470000029E0,2.732000122E2,3.790092468E0,2.585676670E0
4.224320423E2,6.150109692E1,2.360718814E1,1.136422016E2,1.879999995E0,2.681000061E2,3.790092468E0,2.794670343E0
4.234323337E2,6.150109595E1,2.360715023E1,1.134068475E2,1.919999957E0,2.661000061E2,3.790092468E0,3.160980940E0
4.244314666E2,6.150109477E1,2.360711129E1,1.132136684E2,1.919999957E0,2.672999878E2,3.790092468E0,3.056505203E0
4.254315418E2,6.150109488E1,2.360707879E1,1.137194042E2,1.590000033E0,2.708999939E2,3.790092468E0,3.313866854E0
4.264314888E2,6.150109610E1,2.360705210E1,1.147695748E2,1.269999981E0,2.736000061E2,3.790092468E0,3.100752354E0
4.274315924E2,6.150109696E1,2.360702496E1,1.156863222E2,1.340000033E0,2.696000061E2,3.790092468E0,3.192390680E0
4.284316915E2,6.150109621E1,2.360699556E1,1.157176923E2,1.330000043E0,2.612000122E2,3.790092468E0,3.040490150E0
4.294319929E2,6.150109413E1,2.360696665E1,1.155132215E2,1.350000024E0,2.562000122E2,3.790092468E0,3.353142262E0
4.304320521E2,6.150109157E1,2.360693787E1,1.160344583E2,1.389999986E0,2.530000000E2,3.790092468E0,3.519015789E0
4.314317755E2,6.150108870E1,2.360691202E1,1.160107732E2,1.309999943E0,2.508000031E2,3.790092468E0,3.548388720E0
4.324317738E2,6.150108443E1,2.360688755E1,1.153578146E2,1.330000043E0,2.463000031E2,3.790092468E0,3.824019194E0
4.334316392E2,6.150107937E1,2.360686250E1,1.156822113E2,1.360000014E0,2.463000031E2,3.790092468E0,3.759133339E0
4.344317049E2,6.150107409E1,2.360683657E1,1.158192908E2,1.379999995E0,2.471000061E2,3.790092468E0,4.238767624E0
4.354319359E2,6.150106966E1,2.360680970E1,1.166254995E2,1.409999967E0,2.496000061E2,3.857020855E0,4.897345543E0
4.364314326E2,6.150106474E1,2.360678162E1,1.169785216E2,1.470000029E0,2.458999939E2,4.073748112E0,5.529008865E0
4.374317733E2,6.150105982E1,2.360675314E1,1.161775520E2,1.470000029E0,2.451000061E2,3.939288139E0,4.972966671E0
4.384319301E2,6.150105291E1,2.360672356E1,1.156754700E2,1.580000043E0,2.393999939E2,3.790092468E0,4.477703571E0
4.394314032E2,6.150104274E1,2.360668856E1,1.153981776E2,2.079999924E0,2.373999939E2,3.790092468E0,3.744206429E0
4.404320848E2,6.150102934E1,2.360664797E1,1.153920616E2,2.410000086E0,2.338000031E2,3.790092468E0,3.770215273E0
4.414314014E2,6.150101439E1,2.360660697E1,1.150475045E2,2.400000095E0,2.333999939E2,3.790092468E0,3.214033127E0
4.424322408E2,6.150099975E1,2.360656536E1,1.145761775E2,2.450000048E0,2.353000031E2,3.790092468E0,3.045410633E0
4.434320321E2,6.150098656E1,2.360653194E1,1.138473447E2,2.000000000E0,2.313999939E2,3.790092468E0,3.084418774E0
4.444315201E2,6.150097407E1,2.360649875E1,1.139482855E2,2.190000057E0,2.330000000E2,3.790092468E0,3.001896381E0
4.454315970E2,6.150096115E1,2.360645777E1,1.144172675E2,2.369999886E0,2.336000061E2,3.790092468E0,2.594810963E0
4.464319671E2,6.150094941E1,2.360641333E1,1.148906449E2,2.309999943E0,2.398999939E2,3.790092468E0,2.515411615E0
4.474323246E2,6.150093977E1,2.360636985E1,1.156468608E2,2.220000029E0,2.418000031E2,3.790092468E0,2.500000000E0
4.484315791E2,6.150093034E1,2.360633035E1,1.154307260E2,2.099999905E0,2.395000000E2,3.790092468E0,2.500000000E0
4.494322203E2,6.150092199E1,2.360628837E1,1.164500656E2,2.170000076E0,2.418000031E2,3.790092468E0,2.500000000E0
4.504319732E2,6.150091457E1,2.360624577E1,1.172658536E2,2.140000105E0,2.441999969E2,3.790092468E0,2.500000000E0
4.514322182E2,6.150090903E1,2.360620409E1,1.176792994E2,2.099999905E0,2.503999939E2,3.790092468E0,2.500000000E0
4.524322096E2,6.150090531E1,2.360616766E1,1.178652078E2,1.710000038E0,2.530000000E2,3.790092468E0,2.500000000E0
4.534317051E2,6.150090266E1,2.360613840E1,1.177749334E2,1.450000048E0,2.526000061E2,3.790092468E0,2.500000000E0
4.544322298E2,6.150090041E1,2.360610987E1,1.177302525E2,1.509999990E0,2.553000031E2,3.790092468E0,2.500000000E0
4.554316230E2,6.150089790E1,2.360608149E1,1.168839357E2,1.559999943E0,2.526999969E2,3.790092468E0,2.500000000E0
4.564317464E2,6.150089491E1,2.360605434E1,1.167359828E2,1.450000048E0,2.521999969E2,3.790092468E0,2.500000000E0
4.574314323E2,6.150089251E1,2.360602485E1,1.165606865E2,1.580000043E0,2.535000000E2,3.790092468E0,2.500000000E0
4.584314913E2,6.150089048E1,2.360599376E1,1.169779808E2,1.539999962E0,2.582000122E2,3.790092468E0,2.500000000E0
4.594316693E2,6.150088898E1,2.360596107E1,1.174824947E2,1.629999995E0,2.607000122E2,3.790092468E0,2.500000000E0
4.604316121E2,6.150088729E1,2.360592769E1,1.184536221E2,1.570000052E0,2.571000061E2,3.790092468E0,2.500000000E0
4.614316479E2,6.150088515E1,2.360589397E1,1.188553522E2,1.659999967E0,2.551999969E2,3.790092468E0,2.500000000E0
4.624323637E2,6.150088273E1,2.360586137E1,1.191688864E2,1.519999981E0,2.556999969E2,3.790092468E0,2.500000000E0
4.634321089E2,6.150088035E1,2.360583005E1,1.195681139E2,1.559999943E0,2.553000031E2,3.790092468E0,2.500000000E0
4.644321104E2,6.150087872E1,2.360579814E1,1.201475179E2,1.639999986E0,2.571000061E2,3.790092468E0,2.500000000E0
4.654313844E2,6.150087840E1,2.360576329E1,1.209472596E2,1.759999990E0,2.617000122E2,3.790092468E0,2.500000000E0
4.664313462E2,6.150087911E1,2.360572927E1,1.215105520E2,1.570000052E0,2.662000122E2,3.790092468E0,2.500000000E0
4.674322452E2,6.150088064E1,2.360569684E1,1.215914232E2,1.580000043E0,2.687000122E2,3.790092468E0,2.833824396E0
4.684317575E2,6.150088238E1,2.360566434E1,1.213611374E2,1.620000005E0,2.677999878E2,3.790092468E0,2.606332064E0
4.694322838E2,6.150088403E1,2.360563256E1,1.211257856E2,1.590000033E0,2.702999878E2,3.790092468E0,2.776955366E0
4.704321265E2,6.150088616E1,2.360560149E1,1.215983810E2,1.620000005E0,2.698999939E2,3.790092468E0,2.913151026E0
4.714322379E2,6.150088902E1,2.360557078E1,1.227430961E2,1.590000033E0,2.740000000E2,3.790092468E0,3.013817072E0
4.724317730E2,6.150089230E1,2.360553873E1,1.232291811E2,1.629999995E0,2.755000000E2,3.790092468E0,2.788076162E0
4.734320086E2,6.150089571E1,2.360550573E1,1.234045362E2,1.620000005E0,2.803999939E2,3.790092468E0,2.930757999E0
4.744323556E2,6.150089885E1,2.360547216E1,1.230776938E2,1.659999967E0,2.785000000E2,3.790092468E0,3.075326681E0
4.754315419E2,6.150090073E1,2.360543819E1,1.227421834E2,1.570000052E0,2.786000061E2,3.790092468E0,2.902854204E0
4.764315758E2,6.150090246E1,2.360540479E1,1.228639483E2,1.620000005E0,2.768999939E2,3.790092468E0,3.006152153E0
4.774317789E2,6.150090419E1,2.360537255E1,1.227925370E2,1.549999952E0,2.792999878E2,3.790092468E0,3.424639702E0
4.784319941E2,6.150090567E1,2.360534143E1,1.222647046E2,1.610000014E0,2.775000000E2,3.790092468E0,3.232753515E0
4.794316034E2,6.150090754E1,2.360531093E1,1.226001538E2,1.580000043E0,2.792999878E2,3.790092468E0,3.113926411E0
4.804316862E2,6.150090893E1,2.360527966E1,1.226992745E2,1.620000005E0,2.770000000E2,3.790092468E0,3.049980164E0
4.814315687E2,6.150091000E1,2.360524722E1,1.227542054E2,1.610000014E0,2.767999878E2,3.790092468E0,3.493078709E0
4.824317625E2,6.150091193E1,2.360521497E1,1.231215150E2,1.590000033E0,2.785000000E2,3.790092468E0,3.808922291E0
4.834321493E2,6.150091420E1,2.360518433E1,1.236423893E2,1.610000014E0,2.785000000E2,3.790092468E0,3.392242908E0
4.844323217E2,6.150091563E1,2.360515388E1,1.238412415E2,1.570000052E0,2.777999878E2,3.790092468E0,3.679983139E0
4.854314909E2,6.150091639E1,2.360512254E1,1.238435599E2,1.649999976E0,2.722000122E2,3.790092468E0,3.871191263E0
4.864319052E2,6.150091631E1,2.360508907E1,1.236318273E2,1.700000048E0,2.708999939E2,3.790092468E0,4.077556133E0
4.874323173E2,6.150091710E1,2.360505711E1,1.245801296E2,1.620000005E0,2.731000061E2,3.790092468E0,4.386317253E0
4.884313455E2,6.150091764E1,2.360502777E1,1.242347307E2,1.549999952E0,2.722999878E2,3.790092468E0,3.916900158E0
4.894317800E2,6.150091831E1,2.360500245E1,1.242944834E2,1.370000005E0,2.732000122E2,3.790092468E0,4.183902740E0
4.904316299E2,6.150091902E1,2.360497597E1,1.237928347E2,1.649999976E0,2.695000000E2,3.790092468E0,4.283469677E0
4.914322483E2,6.150091715E1,2.360494834E1,1.225205541E2,1.600000024E0,2.652999878E2,4.110655308E0,4.638911247E0
4.924315279E2,6.150091350E1,2.360492083E1,1.216851007E2,1.639999986E0,2.607999878E2,3.790092468E0,4.068305969E0
4.934316167E2,6.150090897E1,2.360489532E1,1.208354255E2,1.570000052E0,2.567999878E2,3.790092468E0,3.461946726E0
4.944317709E2,6.150090329E1,2.360486897E1,1.202171337E2,1.620000005E0,2.556000061E2,3.790092468E0,3.114401579E0
4.954320331E2,6.150089758E1,2.360484196E1,1.197978164E2,1.610000014E0,2.541999969E2,3.790092468E0,2.710625887E0
4.964317707E2,6.150089268E1,2.360481432E1,1.202945763E2,1.620000005E0,2.563999939E2,3.790092468E0,2.929969072E0
4.974323075E2,6.150088837E1,2.360478637E1,1.195906532E2,1.620000005E0,2.583999939E2,3.790092468E0,2.890198469E0
4.984323674E2,6.150088396E1,2.360475885E1,1.193209951E2,1.580000043E0,2.580000000E2,3.790092468E0,2.908043385E0
4.994316692E2,6.150087946E1,2.360473309E1,1.191005313E2,1.580000043E0,2.567000122E2,3.790092468E0,2.500000000E0
5.004316088E2,6.150087464E1,2.360470654E1,1.188970961E2,1.629999995E0,2.538000031E2,3.790092468E0,2.558473825E0
5.014316455E2,6.150086946E1,2.360467927E1,1.186050375E2,1.620000005E0,2.538999939E2,3.790092468E0,2.753248453E0
5.024319793E2,6.150086499E1,2.360465248E1,1.187056797E2,1.480000019E0,2.525000000E2,3.790092468E0,2.741636753E0
5.034321779E2,6.150086103E1,2.360462286E1,1.193683949E2,1.730000019E0,2.543000031E2,3.790092468E0,2.926055431E0
5.044322436E2,6.150085786E1,2.360459564E1,1.192825756E2,1.389999986E0,2.541999969E2,3.790092468E0,2.732951403E0
5.054314117E2,6.150085505E1,2.360457134E1,1.191464028E2,1.480000019E0,2.545000000E2,3.790092468E0,2.765857935E0
5.064316046E2,6.150085255E1,2.360454423E1,1.192040167E2,1.600000024E0,2.556999969E2,3.790092468E0,3.013610840E0
5.074317661E2,6.150085047E1,2.360451450E1,1.194314917E2,1.570000052E0,2.582000122E2,3.790092468E0,2.500000000E0
5.084317302E2,6.150084860E1,2.360448366E1,1.192969673E2,1.700000048E0,2.602000122E2,3.790092468E0,2.543871164E0
5.094317678E2,6.150084703E1,2.360445259E1,1.196057414E2,1.629999995E0,2.607999878E2,3.790092468E0,2.500000000E0
5.104317653E2,6.150084554E1,2.360442281E1,1.202373917E2,1.570000052E0,2.597999878E2,3.790092468E0,2.868071556E0
5.114317665E2,6.150084321E1,2.360439355E1,1.196538923E2,1.629999995E0,2.583999939E2,3.790092468E0,2.911768198E0
5.124323032E2,6.150084048E1,2.360436259E1,1.195106392E2,1.720000029E0,2.592999878E2,3.790092468E0,3.003493786E0
5.134316986E2,6.150083771E1,2.360433115E1,1.193332063E2,1.740000010E0,2.610000000E2,3.790092468E0,2.686765671E0
5.144315525E2,6.150083545E1,2.360430007E1,1.196039550E2,1.690000057E0,2.626000061E2,3.790092468E0,2.500000000E0
5.154316203E2,6.150083344E1,2.360426972E1,1.196479583E2,1.690000057E0,2.620000000E2,3.790092468E0,2.701821566E0
5.164317646E2,6.150083136E1,2.360424026E1,1.196182922E2,1.720000029E0,2.612999878E2,3.790092468E0,2.594652176E0
5.174319549E2,6.150082994E1,2.360420944E1,1.198521153E2,1.669999957E0,2.635000000E2,3.790092468E0,2.685756683E0
5.184322182E2,6.150082904E1,2.360417922E1,1.201243909E2,1.639999986E0,2.640000000E2,3.790092468E0,2.500000000E0
5.194315141E2,6.150082849E1,2.360414880E1,1.207581171E2,1.629999995E0,2.657999878E2,3.790092468E0,2.500000000E0
5.204319888E2,6.150082731E1,2.360411727E1,1.212620819E2,1.639999986E0,2.628999939E2,3.790092468E0,2.500000000E0
5.214319808E2,6.150082499E1,2.360408604E1,1.210667051E2,1.580000043E0,2.612999878E2,3.790092468E0,2.500000000E0
5.224314680E2,6.150082248E1,2.360405493E1,1.207263696E2,1.649999976E0,2.612000122E2,3.790092468E0,2.500000000E0
5.234317659E2,6.150081888E1,2.360402633E1,1.191232770E2,1.610000014E0,2.607999878E2,3.790092468E0,2.500000000E0
5.244319936E2,6.150081590E1,2.360399879E1,1.185013861E2,1.559999943E0,2.636000061E2,3.790092468E0,2.500000000E0
5.254323114E2,6.150081422E1,2.360396835E1,1.188052774E2,1.789999962E0,2.657999878E2,3.790092468E0,2.500000000E0
5.264314286E2,6.150081312E1,2.360393535E1,1.187677994E2,1.830000043E0,2.701000061E2,3.790092468E0,2.500000000E0
5.274316100E2,6.150081230E1,2.360390252E1,1.185655266E2,1.789999962E0,2.703999939E2,3.790092468E0,2.500000000E0
5.284321389E2,6.150081221E1,2.360387178E1,1.190527687E2,1.779999971E0,2.706000061E2,3.790092468E0,2.500000000E0
5.294323042E2,6.150081079E1,2.360384285E1,1.174064650E2,1.730000019E0,2.657000122E2,3.790092468E0,2.500000000E0
5.304323408E2,6.150080816E1,2.360381532E1,1.160901774E2,1.730000019E0,2.635000000E2,3.790092468E0,2.500000000E0
5.314314387E2,6.150080552E1,2.360378842E1,1.160556281E2,1.669999957E0,2.611000061E2,3.790092468E0,2.500000000E0
5.324323226E2,6.150080307E1,2.360376172E1,1.163415746E2,1.710000038E0,2.613999939E2,3.790092468E0,2.632700205E0
5.334319991E2,6.150080057E1,2.360373396E1,1.162348819E2,1.750000000E0,2.596000061E2,3.790092468E0,2.625024319E0
5.344321297E2,6.150079760E1,2.360370595E1,1.164187161E2,1.809999943E0,2.558999939E2,3.790092468E0,2.840442181E0
5.354315724E2,6.150079454E1,2.360367799E1,1.164724843E2,1.720000029E0,2.558000031E2,3.790092468E0,2.659825563E0
5.364316125E2,6.150079180E1,2.360365071E1,1.160270463E2,1.669999957E0,2.568999939E2,3.790092468E0,2.500000000E0
5.374314654E2,6.150078930E1,2.360362418E1,1.156082809E2,1.570000052E0,2.577000122E2,3.790092468E0,2.760229111E0
5.384316780E2,6.150078631E1,2.360359909E1,1.153193369E2,1.529999971E0,2.560000000E2,3.790092468E0,2.849322319E0
5.394319347E2,6.150078324E1,2.360357276E1,1.150653049E2,1.669999957E0,2.558000031E2,3.790092468E0,2.657584190E0
5.404319372E2,6.150077933E1,2.360354471E1,1.148861013E2,1.649999976E0,2.555000000E2,3.790092468E0,2.716250896E0
5.414321261E2,6.150077621E1,2.360351949E1,1.144738662E2,1.519999981E0,2.562999878E2,3.790092468E0,2.597102642E0
5.424321630E2,6.150077200E1,2.360349407E1,1.145233001E2,1.649999976E0,2.516000061E2,3.790092468E0,2.500000000E0
5.434322596E2,6.150076492E1,2.360347131E1,1.138702783E2,1.629999995E0,2.418000031E2,3.790092468E0,2.500000000E0
5.444317174E2,6.150075445E1,2.360345227E1,1.143880915E2,1.700000048E0,2.251999969E2,3.790092468E0,2.500000000E0
5.454323299E2,6.150074193E1,2.360344243E1,1.144193922E2,1.440000057E0,2.066999969E2,3.790092468E0,2.500000000E0
5.464317305E2,6.150072749E1,2.360344192E1,1.141787192E2,1.669999957E0,1.888000031E2,3.790092468E0,2.500000000E0
5.474322656E2,6.150071057E1,2.360344899E1,1.136502029E2,1.799999952E0,1.733999939E2,3.790092468E0,2.500000000E0
5.484317312E2,6.150069580E1,2.360345912E1,1.128903651E2,1.490000010E0,1.671000061E2,3.790092468E0,2.500000000E0
5.494317658E2,6.150068185E1,2.360347008E1,1.124289289E2,1.610000014E0,1.641999969E2,3.790092468E0,2.500000000E0
5.504317014E2,6.150066578E1,2.360348178E1,1.122575301E2,1.970000029E0,1.671000061E2,3.790092468E0,2.500000000E0
5.514316771E2,6.150065157E1,2.360349368E1,1.120655029E2,1.690000057E0,1.658000031E2,3.790092468E0,2.500000000E0
5.524314997E2,6.150063902E1,2.360350610E1,1.119882842E2,1.700000048E0,1.623000031E2,3.790092468E0,2.500000000E0
5.534321542E2,6.150062725E1,2.360351961E1,1.114667913E2,1.600000024E0,1.568999939E2,3.790092468E0,2.500000000E0
5.544319519E2,6.150061521E1,2.360353369E1,1.116622171E2,1.649999976E0,1.566000061E2,3.790092468E0,2.500000000E0
5.554313967E2,6.150060226E1,2.360354754E1,1.116763677E2,1.679999948E0,1.596999969E2,3.790092468E0,2.500000000E0
5.564319737E2,6.150058878E1,2.360355926E1,1.117533230E2,1.539999962E0,1.630000000E2,3.790092468E0,2.500000000E0
5.574317657E2,6.150057600E1,2.360356960E1,1.116308159E2,1.399999976E0,1.650000000E2,3.790092468E0,2.500000000E0
5.584319687E2,6.150056302E1,2.360357934E1,1.119115679E2,1.480000019E0,1.658000031E2,3.790092468E0,2.500000000E0
5.594319665E2,6.150054995E1,2.360358511E1,1.121199320E2,1.470000029E0,1.721999969E2,3.790092468E0,2.500000000E0
5.604319883E2,6.150053816E1,2.360358500E1,1.123594247E2,1.279999971E0,1.830000000E2,3.790092468E0,2.500000000E0
5.614319819E2,6.150052859E1,2.360357832E1,1.127793387E2,1.179999948E0,1.983000031E2,3.790092468E0,2.500000000E0
5.624316529E2,6.150052418E1,2.360357201E1,1.127512588E2,1.599999964E-1,2.050000000E2,3.790092468E0,2.500000000E0
5.634314606E2,6.150052488E1,2.360356620E1,1.127604143E2,0.000000000E0,NaN,3.790092468E0,2.500000000E0
5.644323140E2,6.150052555E1,2.360356363E1,1.127614523E2,0.000000000E0,NaN,3.790092468E0,2.500000000E0
5.654319725E2,6.150052585E1,2.360356233E1,1.127624901E2,0.000000000E0,NaN,3.790092468E0,2.500000000E0
5.664314587E2,6.150052599E1,2.360356167E1,1.127625512E2,0.000000000E0,NaN,3.790092468E0,2.500000000E0
5.674317212E2,6.150052605E1,2.360356131E1,1.127634057E2,0.000000000E0,NaN,3.790092468E0,2.500000000E0
5.684319829E2,6.150052622E1,2.360355777E1,1.130544824E2,1.700000018E-1,2.156000061E2,3.790092468E0,2.500000000E0
5.694315061E2,6.150052674E1,2.360355463E1,1.130455105E2,0.000000000E0,NaN,3.790092468E0,2.500000000E0
5.704319516E2,6.150052736E1,2.360355346E1,1.130448395E2,0.000000000E0,NaN,3.790092468E0,2.500000000E0
5.714320678E2,6.150052711E1,2.360355539E1,1.130184722E2,1.599999964E-1,1.526000061E2,3.790092468E0,2.500000000E0
5.724322681E2,6.150052682E1,2.360355305E1,1.133495266E2,2.700000107E-1,2.662000122E2,3.790092468E0,2.500000000E0
5.734317563E2,6.150052749E1,2.360355112E1,1.133758331E2,0.000000000E0,NaN,3.790092468E0,2.500000000E0
